,French,English
,million,million
,sac,"bag, sack"
,impossible,impossible
,seconde,"second, moment"
,bête,"stupid, silly"
,découvrir,"to discover, find"
,erreur,"error, mistake"
,soleil,"sun, sunlight"
,voyage,"trip, journey"
,sauter,to jump
,rêver,to dream
,détester,"to hate, detest"
,clair,"clear, apparent"
,faux,"wrong, false, fallacious"
,paraître,"to come out, be published"
,balle,ball (sports equipment)
,empêcher,to prevent
,maintenir,"to keep, maintain"
,cheveu,a hair
,papier,paper
,présent,"a present; present, current"
,sujet,"subject, topic, theme"
,supposer,"to suppose, assume"
,tranquille,"quiet, calm"
,neuf,"nine; new, unused"
,épouser,"to marry, to espouse"
,blanc,white; blank
,table,table; french.languagedaily.com
,toute,"everything, all (see #22, 256)"
,dix,"ten, tenth"
,clé,key; solutioin
,agent,"officer, oficial, agent"
,approcher,to approach
,sens,"direction, way; meaning; sense; senses"
,craindre,"to fear, to be afraid of"
,six,six
,message,message
,crier,to shout
,salle,"room, hall, audience"
,inviter,to invite
,effet,"effect, impression"
,réfléchir,"to reflect, think"
,espèce,"species, kind"
,arranger,"to arrange, to organize"
,naître,to be born
,allô,Hello! (telephone)
,bois,wood; antlers
,propos,"subject, topic, remark, point"
,camp,camp
,sorte,"sort, kind"
,hôtel,hotel; french.languagedaily.com
,début,beginning
,souffrir,"to be in pain, suffer"
,jambe,leg
,remercier,to thank
,choix,"choice, selection"
,sécurité,"safety, security"
,avocat,lawyer
,attraper,to catch
,client,"customer, client, guest"
,courant,"current, trend"
,dépêcher,to dispatch
,peuple,people
,dame,"lady, queen"
,vérifier,"to check, verify"
,abandonner,"to abandon, leave, desert"
,journal,"newspaper, diary, journal"
,sérieux,"genuine, serious"
,brûler,to burn
,or,gold
,loi,"law, rule"
,fond,"bottom, back"
,gosse,"kid (colloquial, child, youngster) (see #745)"
,fric,"doug, money, cash"
,situation,situation; job; location
,euh,Er…
,sauf,except
,accident,accident
,doute,doubt
,scène,scene
,soldat,soldier
,amoureux,loving
,assurer,"to assure, insure"
,preuve,"proof, evidence"
,humain,human
,mer,"sea, seaside"
,silence,silence
,télé,"TV, telly"
,victime,"victim, casualty"
,complètement,"completely, fully, in depth"
,pute,whore
,garde,"guard; carer, nurse"
,meurtre,murder
,groupe,group
,crime,crime
,traiter,to treat; to deal
,doucement,"gently, softly"
,blesser,"to injure, wound, hurt"
,colonel,colonel
,,
,avec,with
,moi,"I, me"
,si,"yes; if; so, such"
,quoi,"what (exclamatory, interrogative, after preposition)"
,devoir,"to have to, must; duty, test"
,oui,yes
,ils,they (refers to a group of masculine or mixed masculine/feminine nouns)
,comme,"as, like; how, same"
,s',"himself, herself, themselves (variation of ""se"" used before a word starting with a vowel or mute h)"
,venir,"to come, occur"
,sur,"on, upon; over (preposition); sour (adjective)"
,toi,you
,ici,here
,rien,nothing
,lui,"he, him, it, her"
,bon,"good, right, kind; good!; voucher; then; french.languagedaily.com"
,là,"there, here, then"
,suivre,to follow
,pourquoi,why
,parler,"to speak, talk"
,prendre,"to take, get"
,cette,"this, that (feminine singular)"
,quand,"when, whenever"
,alors,then; so; hence
,une chose,"thing, matter"
,par,"per, by, through, out of"
,son,"his, her, its (possessive adjective); sound (noun - le son)"
,croire,"to believe, think"
,aimer,"to love, like, be fond of"
,falloir,"it is necessary, must, have to"
,comment,how; what
,très,very
,ou,or; either… or
,passer,"to pass, go by, cross"
,penser,to think
,aussi,"also, too"
,jamais,never
,attendre,"to wait for, expect"
,trouver,to find
,laisser,to leave
,petit,"small, little, young (adjective); languagedaily dot com; kid, child (masculine noun)"
,merci,"thanks, thank you"
,même,"same; even, so much as, as"
,sa,"his, her, its (feminine)"
,ta,your (reminine)
,autre,"other, another, different (singular)"
,arriver,to arrive
,ces,"these, those (plural form of masculine ""ce"" and feminine ""cette"")"
,donner,"to give, give away"
,not,adverb
,pas,"not; step, pace"
,le,"the; him, it (refering to a masculine singular noun) (see #8, 15, 18)"
,la,"the; her, it (refering to a feminine singular noun) (see #7, 15, 18)"
,tu,you
,vous,"you, yourself"
,il,"he, it"
,et,and
,à,"in, to, with"
,un,"a, an; one (used before a masculine singular noun) (see #26, 31)"
,l',"the (used instead of ''le'' or ''la'' before nouns that begin with a vowel) (see #7, 8, 18)"
,qui,"who, whom; that, which"
,aller,to go
,les,"the; them (referring to a plural noun) (see #7, 8, 15)"
,en,"in, into, to, as"
,ça,"this, that (see #203)"
,faire,"to do, make"
,tout,"all, everything, any; very, quite"
,on,"we, you"
,que,that; what; which
,ce,"this, that (see #73, 99, 201)"
,une,"a, an; one (used before a feminine singular noun); french.languagedaily.com (see #14, 31)"
,mes,"my (used before plural nouns) (see #50, 108)"
,d',"of, from, by, than, in, with (used before a vowel or mute h) (see #4)"
,pour,for
,se,"himself, herself, themselves (see #60)"
,des,"some (used before a plural noun) (see #14, 26)"
,dire,"to say, tell"
,pouvoir,"can, to be able to"
,vouloir,to want
,mais,but
,me,"me, myself"
,nous,"we, us"
,dans,"in, into"
,elle,"she, it (refers to a feminine singular noun)"
,savoir,to know; languagedaily dot com
,du,"(de + le/les) = of the, from the"
,où,"where, that"
,y,"it, there"
,t',"you, yourself (shortened form used before a vowel)"
,bien,"well, very; good"
,voir,to see
,plus,more
,non,no
,te,"you, yourself"
,mon,"my (used before a masculine singular noun) (see #27, 108)"
,regarder,"to look at, watch"
,encore,"again, over again, even, still"
,appeler,"to call, ring"
,est-ce que,is it
,peu,"not much, not very, few; bit"
,homme,man
,partir,"to go, leave, go away"
,ma,"my (used before a feminine singular noun) (see #27, 50)"
,toujours,"always, still"
,jour,"day, daytime"
,femme,"woman, wife"
,temps,weather; time; times
,maintenant,"now, nowadays"
,notre,our (singular) (see #192)
,vie,"life, lifetime, existence"
,deux,two
,mettre,"to put, put on, wear; languagedaily dot com"
,rester,"to stay, remain"
,sans,without
,seul,alone
,arrêter,to stop
,vraiment,"really, truly"
,connaître,"to know, experience"
,quelque,"some, a few, any"
,sûr,"on, over"
,tuer,to kill
,mourir,"to die, pass away"
,demander,"to ask, ask for, be looking for"
,juste,"just, fair; just, right, accurate; french.languagedaily.com"
,peut-être,"perhaps, maybe"
,dieu,god
,fois,time
,oh,oh!
,père,father
,comprendre,to understand
,sortir,to go out; take out
,personne,"anyone, anybody; person, individual"
,an,year
,trop,"too much, too (excessively)"
,chez,"at, to, in"
,fille,"daughter, girl, gal"
,aux,(à + les) = of the
,monde,"world, people"
,ami,friend; friendly
,vrai,"true, real, genuine"
,après,"after, afterwards, later"
,mal,"trouble, difficulty; badly, wrongly"
,besoin,"need, demand, necessity"
,accord,"agreement, accord, harmony"
,ses,"his, her, its (plural)"
,avant,before
,monsieur,"gentleman, Mr"
,enfant,"child, infant"
,grand,"big, large, tall, great; big boy, big girl"
,entendre,"to hear, listen to, understand"
,voilà,"there is, there are"
,chercher,"to look for, seek"
,heure,hour; time; age
,mieux,"better, utmost, best; improvement"
,tes,your (plural)
,aider,"to help, aid"
,mère,mother
,déjà,"already, before"
,beau,"beautiful, lovely, pretty; fine, nice (weather)"
,essayer,"to try, try out, test"
,quel,"what, which (interrogative)"
,vos,"your (plural, from ''votre'')"
,depuis,"since, from, for; french.languagedaily.com"
,quelqu'un,"someone, somebody"
,beaucoup,"much, many, a lot"
,revenir,"to come back, return"
,donc,"so, therefore"
,plaire,to be successful
,maison,"house, home"
,gens,people (plural)
,nuit,night
,ah,ah!
,soir,"evening, night"
,nom,name; noun
,bonjour,hello (see #207)
,jouer,to play
,leur,"their, to them (mas or fem), theirs (masc, fem, plural)"
,finir,"to finish, end"
,peur,"fear, fright"
,mort,death; dead
,parce que,"because, for"
,perdre,"to lose, miss"
,maman,"mummy, mama, mom"
,sentir,"to smell, sniff, feel"
,ouais,"yeah, yep"
,rentrer,"to bring in, take in; to get in, go in, come home"
,nos,our (plural) (see #114); languagedaily dot com
,premier,"first, basic; first floor"
,problème,problem
,argent,"silver, money"
,quelle,"who, what, which"
,vivre,"to live, be alive, go through"
,rendre,"to return, give back, repay"
,dernier,"last, latest"
,tenir,"to hold, run, keep, last"
,cet,"this, that (before vowel and mute h) (see #25, 73, 99)"
,main,hand
,cela,"this, that (used in formal contexts and expressions) (see #20)"
,vite,"quickly, fast, soon"
,oublier,"to forget, miss"
,air,"air; look, appearance, manner"
,salut,"greeting; Hi!, Hello!, Bye! (see #180)"
,fils,son
,travailler,"to work, work on, practise"
,moins,less
,tête,"head, face"
,coup,"blow, shot, kick, punch"
,écouter,to listen to
,raison,reason
,manger,to eat
,amour,"love, love affair, cupid"
,entrer,"to go in, enter, come in"
,dont,"whose, of which"
,nouveau,"new, fresh"
,devenir,to become
,hein,"what?, eh?, Huh? (familiar)"
,commencer,"to start, begin"
,merde,"shit (vulgar), bull, crap, damn"
,moment,"moment, while, point"
,voiture,"car, coach, carriage"
,vieux,"old; old man, old woman"
,demain,tomorrow
,revoir,"to see again, review; goodbye; french.languagedaily.com"
,elles,they (refers to a group of feminine nouns or females)
,payer,to pay
,fou,"mad, crazy; madman, fool"
,tirer,"to pull, draw"
,ouvrir,to open
,oeil,"eye, view (= œil) (plural is yeux)"
,fait,"event, fact"
,changer,"to change, exchange"
,question,"question, matter"
,tomber,to fall
,assez,"enough, quite, fairly"
,foutre,"(slang) to do, give, put on; (vulgar) to have sex, to masturbate"
,excuser,"to forgive, pardon, excuse"
,affaire,"affiar, business"
,dormir,to sleep; to lie idle
,combien,"how much, how many"
,frère,brother
,travail,"wor, labor, employment"
,idée,"idea, opinion"
,eh,hey!
,puis,"next, then, besides, plus (in addition)"
,famille,family; languagedaily dot com
,truc,"trick, knack, thing"
,trois,three
,tant,"much, so much"
,souvenir,"memory, souvenir; to remember"
,ni,"nor, or (negative)"
,tous,"everything, all (plural)"
,occuper,"to occupy, live in, take up"
,entre,"between, among"
,ok,OK; okay (satisfactory)
,marcher,"to walk, march, go"
,chance,"luck, fortune, chance"
,aujourd'hui,"today, nowadays"
,envoyer,"to send, throw, dispatch, refer"
,histoire,"history, story"
,jeune,"young, youthful; young person"
,tard,late
,apprendre,"to learn, to hear (about)"
,minute,minute
,boire,"to drink (consume alcohol), to soak up"
,garder,"to keep, to look after, to guard"
,quelques,"some (quantity), small number, a few"
,type,"type, kind; guy (colloquial)"
,porte,"gate, door"
,montrer,"to show, point out"
,mec,"guy, bloke"
,asseoir,"to sit down, sit up"
,porter,"to carry, wear"
,attention,attention
,année,year
,sous,under
,prêt,ready
,contre,against
,prier,to pray
,pendant,"for, during"
,mois,month
,meilleur,better; the best one
,servir,to serve
,madame,"madam, Mrs"
,putain,"whore, hooker"
,écrire,to write
,part,"part, share"
,eau,water
,sang,blood
,place,"room, square, seat"
,espérer,to hope for
,plein,"full, solid"
,désoler,"to distress, upset"
,eux,"them, they"
,retrouver,to find; to meet
,ville,"town, city"
,terre,"earth, ground"
,gagner,"to win, earn"
,semaine,week
,acheter,to buy
,longtemps,"long, for a long time"
,gars,"boy, chap, guy (see #342)"
,chambre,"bedroom, chamber"
,hé,Hey! (to attract attention)
,côté,"coast, slope, side"
,droit,"law, right; straight"
,rappeler,"to remind, remember, call back, be reminiscent of"
,lire,to read
,cas,"case, instance"
,mot,word
,seulement,"only, solely"
,voici,"here is, here are"
,monter,"to go up, rise, come up"
,désolé,"contrite, desolate, afraid, sorry"
,quitter,"to leave, depart"
,police,police
,suite,"rest, result, continuation french.languagedaily.com"
,matin,morning
,emmener,"to take (somebody), take along"
,toucher,to touch
,continuer,"to continue, go on"
,devant,"in front, ahead; in front of, ahead of, past, before"
,fort,"strong, solid; loud, much, most"
,gros,"big, large, thick, heavy"
,enfin,"finally, at last"
,pardon,"I'm sorry!, Excuse me!, Pardon?; forgiveness"
,mari,husband
,là-bas,"there, over there"
,importer,to import; to matter
,papa,"daddy, dad"
,train,"train, pace"
,manquer,"to miss, to miss somebody"
,raconter,to tell
,ensemble,"together, at once"
,mauvais,"bad, poor, wrong"
,film,"film, movie"
,répondre,"to answer, reply"
,garçon,"boy, chap, guy (see #306)"
,chéri,"darling, loved; boyfriend, girlfriend, beloved"
,corps,body
,celui,"the one, that one (singular masculine) (see #408, 543)"
,autres,other
,heureux,"happy, felicitous"
,loin,"far, a long way off, a long time ago"
,aucun,"no, not any; none (see #399)"
,pauvre,"poor; poor person, beggar"
,sauver,to save; languagedaily dot com
,chaque,"each, every"
,retourner,"to turn, turn over, return (see #404)"
,leurs,theirs (3rd person masculine or feminine plural)
,rencontrer,"to meet, encounter"
,coeur,"core, heart"
,voler,"to flly; to steal, swipe"
,fermer,"to close, shut"
,car,"because, for (see #186)"
,valoir,"to hold, apply; to be worth"
,descendre,"to take down, go down, come down"
,feu,fire
,docteur,"doctor, physician (see #548)"
,suffire,"to be enough, suffice"
,façon,"way, manner, behaviour"
,important,"important, considerable, sizeable"
,sembler,"to seem, appear, look"
,super,"great, fantastic; high-octane gasoline"
,compter,to count
,vers,"towards, near, around, about (time, age)"
,joli,"nice, tidy, pretty (attractive), lovely (beautiful)"
,point,"dot, full stop, period"
,noir,black; black man/woman
,hier,yesterday
,chien,dog
,guerre,war
,genre,"kind, type, sort"
,marier,"to marry, get married"
,arme,weapon
,cause,"cause, reason"
,endroit,place
,ordre,"order, command"
,poser,"to put down, lay, pose, sit"
,reste,"the remainder, rest"
,pied,"foot; stem, leg, base"
,envie,"desire, urge, craving"
,près,near
,fin,"end, ending"
,tiens,"Why!, Hello! (surprise)"
,inquiéter,"to worry, bother, trouble"
,d'autres,others; more
,bouger,to move
,plutôt,"rather, quite"
,apporter,"to bring, supply"
,photo,"photo, photography"
,décider,to decide
,ainsi,"like this, in this way"
,certain,"certain, sure"
,aucune,"no, not any, in no way (see #349)"
,vendre,to sell
,école,school
,cher,"dear, beloved, darling, expensive"
,chef,"leader, chief, head"
,tourner,"to turn, stir, toss, shoot (see #353)"
,cacher,"to hide, conceal"
,boulot,"work, job"
,pays,"country, nation, land (country)"
,ceux,"this one, that one (masculine plural) (see #345, 543)"
,possible,possbile
,expliquer,"to explain, account for"
,battre,to beat
,peine,"sorrow, grief, saddness, suffering"
,livre,book; pound
,agir,"to act, behave; work, take effect"
,imaginer,"to imagine, suppose"
,tour,"tower, castle, tour, ballot;languagedaily dot com"
,adorer,"to adore, love"
,vérité,truth
,recevoir,"to receive, to get"
,gentil,"kind, good, nice"
,jeter,to throw
,pleurer,verb
,bébé,baby
,partie,part; game
,nouvelle,"new, fresh; french.languagedaily.com"
,jeu,"play, game; hand, deck (cards)"
,amener,"to bring, take, bring about"
,instant,"instant, moment"
,parent,"relative, relation; parent"
,dur,"hard, tough, harsh"
,service,"service, favor"
,plaisir,pleasure
,promettre,to promise
,mentir,to lie
,soeur (sœur),sister
,bientôt,"soon, quickly, shortly"
,lit,bed
,tellement,"so (to such an extent), so (very), so much"
,utiliser,to use
,lieu,"place, site"
,coucher,"to put to bed, lay down, to sleep"
,presque,"almost, nearly"
,dehors,"outside, outdoors"
,passé,"past, last; the past, past tense"
,préférer,to prefer
,content,"happy, pleased, glad"
,derrière,behind
,con,"stupid jerk, bloody idiot; damned, bloody, stupid"
,offrir,"to offer, give"
,roi,king
,verre,"glass, drink"
,réveiller,"to awake, wake (smb.) up"
,aide,"assistant; help, assistance"
,d'abord,"foremost (most important), first"
,journée,day
,préparer,"to prepare, make, get ready"
,numéro,number
,permettre,"to allow, permit"
,ramener,"to bring back , take back"
,enlever,"to take (smth.) away, remove, take off"
,calme,"peace, calmness; quiet, calm (see #529)"
,lâcher,"to let go of, to release"
,choisir,to choose
,musique,music
,conduire,"to drive, lead"
,faute,"mistake, error; fault; lack of"
,calmer,"to calm down, appease, sooth"
,dîner,dinner; to have dinner
,mariage,"marriage, wedding"
,bureau,"writing desk, study (room), office"
,route,"road, journey, way"
,chanter,to sing
,secret,secret; secretive
,disparaître,"to disappear, vanish"
,lever,"to raise, lift"
,dessus,on top; top
,présenter,"to introduce, present"
,accepter,to accept
,baiser,"kiss; to shag, screw, fuck"
,sinon,"otherwise, or else, except"
,idiot,idiot; stupid
,long,"long, lengthy"
,café,"coffee, café (bar)"
,propre,"clean, tidy"
,confiance,"trust, confidence, belief"
,cinq,five
,bonsoir,"good evening, good night"
,compte,"count, number"
,téléphone,"telephone, phone"
,casser,"to break, shatter"
,prochain,next
,frapper,"to hit, strike, blow"
,facile,easy
,rêve,dream
,copain,"friend, boyfriend"
,malade,"ill, sick"
,rue,street
,bas,low; bottom
,lettre,letter
,ignorer,"not to know, to ignore"
,fête,"party, celebration"
,couper,"to cut, cut off"
,esprit,"mind, brain, wit, spirit, esprit"
,taire,"to be silent, stop talking"
,seigneur,lord (e Seigneur = the Lord)
,flic,"cop, policeman"
,parfois,sometimes
,capitaine,captain
,âge,age
,autant,"so much, so many"
,force,"force, strength"
,pièce,room; play; coin; piece
,quatre,four
,cul,"bum, ass"
,difficile,"difficult, strenuous, hard"
,bras,arm
,tromper,to deceive; to make a mistake
,surtout,above all
,ressembler,"to look like, to resemble"
,jurer,to swear
,plan,"map, plan, layout"
,prison,"prison, jail"
,sale,dirty
,courir,"to run, rush"
,haut,"high, elevated; top"
,état,state
,remettre,to put back; hand over; postpone; put back on
,carte,"map, card; french.languagedaily.com"
,paix,"peace, calmness; quiet, calm (see #461)"
,exactement,"exactly, accurately, precisely"
,drôle,"funny, peculiar"
,refuser,"to refuse, turn down"
,dès,from
,président,"president, chairman"
,cours,"class, course"
,grave,"serious, grave, solemn"
,terminer,"to end, finish"
,ciel,sky
,partout,everywhere
,âme,soul
,patron,"boss, manager, owner"
,amuser,"to amuse, entertain"
,celle,"the one, that one (feminine singular) (see #345, 408)"
,visage,face
,intéresser,to interest
,reconnaître,"to recognize, acknowledge"
,rire,"to laugh, have fun, joke"
,médecin,"doctor, physician, medical practitioner, MD (see #363)"
,rapport,"report, connection, link, relationship"
,pardonner,"to forgive, pardon, excuse"
,avis,opinion; notice
,embrasser,"to kiss; to embrace, encompass"
,retour,return; french.languagedaily.com
,laquelle,which one = (le + quelle) (feminine singular) (see #578)
,simple,simple
,danser,to dance
,exister,to exist
,différent,"different, various, other"
,souvent,often
,lumière,light
,génial,"great, brilliant"
,libre,"free, vacant"
,dollar,dollar
,sûrement,"surely, certainly, most probably"
,pareil,the same
,hôpital,hospital
,ceci,"this (formal contexts; refers to nouns that have no specific gender) (see #20, 203)"
,réussir,"to be successful, succeed"
,bizarre,"odd, starnge, bizarre"
,voix,voice
,protéger,to protect
,honneur,"honor (US), honour"
,tôt,early
,équipe,"team, crew, party"
,prévenir,"to tell, inform, prevent"
,cheval,horse
,ailleurs,"elsewhere, somewhere else"
,lequel,which one = (le + quel) (masculine singular) (see #554)
,maître,"master, ruler, mistress, school teacher"
,avion,plane
,bout,"bit, tip, end"
,habiter,to live in
,faim,hunger
,ensuite,"then, next, afterwards"
,l'un,"a, an, one (replaces 'un' when 'un' is a pronoun or at the beginning of a sentence) (see #14)"
,froid,cold
,normal,"normal, usual"
,déranger,"to disturb, upset"
,reprendre,"to recapture, take back"
,oncle,uncle
,prix,price; prize
,retard,"delay, lateness"
,détruire,"to destroy, ruin"
,cadeau,"present, gift"
,pousser,"to push, press"
,face,face; heads
,gueule,mouth
,chemin,"path, way"
,vivant,"vibrant, living, alive"
,général,general (military)
,parole,"speech, word"
,triste,sad
,honte,shame
,rouge,red
,dégager,to free; to clear; to radiate
,soirée,"evening, party"
,dangereux,dangerous
,armée,army
,filer,"to spin; to take off; to go off, to leave"
,risquer,to risk
,dos,"back, spine"
,appel,"call, appeal"
,visite,visit
,mener,"to take; to lead, guide, manage"
,fleur,"flower, blossom"
,attaquer,to attack
,coin,"corner, spot"
,prince,prince
,pire,worse
,bordel,brothel; bloody/gooddamn mess
,professeur,"teacher, professor"
,fumer,to smoke
,répéter,"to repeat; to go over, rehearse"
,habitude,"habit, practice; french.languagedaily.com"
,signer,to sign
,ficher,"to file, put on file"
,mériter,"to deserve, be worth; french.languagedaily.com"
,réponse,"response, answer, reply"
,rejoindre,"to meet up; to join, rejoin; to go back to"
,discuter,"to question, dispute"
,village,village
,pourtant,yet
,avancer,"to move forward, advance"
,connerie,stupidity
,reposer,"to rest, to have a rest"
,échapper,"to escape, get away, slip, run away"
,forme,"form, shape"
,bruit,"noise, sound; rumour"
,chacun,"each, everyone"
,diable,devil
,exemple,example
,charger,"to charge, load"
,chat,cat
,ennemi,enemy
,gamin,"kid, child (see #674)"
,rendez-vous,appointment
,debout,"standing, standing up"
,obliger,to oblige
,trou,"hole, gap, deficit"
,accompagner,"to go with, accompany"
,fenêtre,window; languagedaily dot com
,oser,to dare
,impression,impression
,intérieur,"inside (inner surface), interrior"
,bouche,mouth
,ligne,"line, course, service"
,absolument,absolutely
,doux,"soft, mild, gentle"
,regretter,to regret
,mur,Wall
,enfer,hell
,prouver,to prove
,boîte,box
,santé,health
,couvrir,cover
,magnifique,Magnificent
,obtenir,get
,cuisine,food
,vue,seen
,terrible,terrible
,éviter,to avoid
,peau,skin
,salaud,bastard
,conseil,advice
,plaisanter,to joke
,autour,around
,vin,wine
,exact,exact
,virer,fire
,supporter,support
,régler,adjust
,doigt,finger
,étrange,strange
,grâce,Grace
,souhaiter,to wish
,mission,mission
,créer,to create
,chanson,song
,pote,mate
,surveiller,to watch
,simplement,simply
,recommencer,restart
,robe,dress
,chaud,hot
,billet,ticket
,spécial,special
,moyen,way
,sympa,nice
,vaisseau,vessel
,échoué,failed
,pisser,piss
,Barry,Barry
,sortes,sorts
,circonstances,circumstances
,kong,kong
,mignonne,migning
,excellence,Excellency
,auto,car
,do,do
,vague,wave
,arrêtes,stop
,nôtre,our
,vallée,valley
,Morgan,Morgan
,enterré,buried
,tandis,while
,duc,duke
,pêre,father
,assassiné,assassinated
,ooo,ooo
,charme,charm
,quart,quarter
,arrangé,arranged
,guitare,guitar
,remplir,to fill
,Sophie,Sophie
,crève,rave
,Jesse,Jesse
,Bruce,Bruce
,Sara,SARA
,refuser,refuse
,donnent,give
,Luke,Luke
,taper,type
,critique,critical
,secrète,secrete
,terminer,to end
,hauteur,height
,comédie,comedy
,cimetière,graveyard
,baisé,fucked
,cardiaque,cardiac
,Catherine,Catherine
,chiffres,figures
,fêter,to celebrate
,trouverez,find
,indien,Indian
,altesse,highness
,occupée,busy
,intelligente,smart
,culture,culture
,deviner,to guess
,géniale,genial
,limites,limits
,Nancy,Nancy
,précis,precise
,éternité,eternity
,ball,ball
,plateau,tray
,prises,taken
,viendrai,will come
,rempli,completed
,clairement,clearly
,intérêts,interests
,langage,language
,aides,aid
,feux,fire
,Betty,Betty
,copie,copy
,profondément,deeply
,fâché,angry
,incapable,unable
,mercredi,Wednesday
,souffrance,pain
,avouer,confess
,mile,mile
,posez,put
,lion,Lion
,ali,ali
,soigner,to tend to
,fenêtres,Windows
,pue,pink
,électrique,electric
,italien,Italian
,traversé,crossed
,réception,reception
,énerve,irritated
,rentrons,let's go
,couvrir,cover
,fonce,dark
,Harvey,Harvey
,Kyle,Kyle
,produits,products
,loyer,rent
,grace,Grace
,bleus,blushes
,assistant,assistant
,cervelle,brain
,trente,thirty
,yeah,yeah
,saches,sketchy
,national,national
,avenue,avenue
,evidemment,obviously
,reçois,Receive
,cité,cited
,liaison,connection
,prouve,prove
,collier,necklace
,aprês,after
,séance,session
,placard,cupboard
,criminels,criminal
,irais,iris
,riz,rice
,sandwich,sandwich
,boston,Boston
,parlerai,will speak
,places,places
,stade,Stadium
,gagnant,winner
,moral,moral
,tendre,tender
,fleuve,River
,mêre,mother
,stanley,stanley
,trouvait,found
,auparavant,previously
,personnellement,personally
,fièvre,fever
,champs,field
,tuera,kill
,chatte,cat
,actes,acts
,restait,remained
,amant,lover
,concernant,regarding
,las,the ace
,ferons,do
,cherchent,they search
,tenait,held
,exécution,execution
,ann,ann
,lou,lou
,pédé,fag
,prière,pray
,hélas,Alas
,sortent,come out
,bateaux,boats
,allaient,were going
,durer,last
,assise,seated
,alarme,alarm
,commencez,start
,furent,were
,prenait,taking
,brad,blad
,entièrement,entirely
,médecine,medicine
,juillet,July
,sortis,out
,sensible,sensitive
,poudre,powder
,finale,final
,plais,pleasant
,durs,hard
,discussion,discussion
,séparer,to separate
,esclaves,slave
,instructions,instructions
,beurre,butter
,documents,documents
,taré,tare
,rick,rick
,détail,detail
,baron,baron
,mettent,put
,congrès,Congress
,épaule,shoulder
,poison,poison
,final,final
,métro,Metro
,attendrai,wait
,serment,oath
,chan,chan
,pardonne,forgiven
,espagnol,Spanish
,supérieur,superior
,w,W
,degrés,degrees
,rires,laughter
,west,West
,parker,parker
,tuez,kill
,œufs,eggs
,fiancé,fiancé
,nerfs,nerves
,portefeuille,wallet
,robot,robot
,internet,Internet
,expert,expert
,hank,hank
,surveillance,surveillance
,foutue,fucking
,rita,rita
,réalisateur,director
,entraîner,drive
,martha,martha
,descendu,descended
,patrick,patrick
,comté,county
,congé,leave
,finira,finish
,caméras,camera
,sauce,sauce
,balance,balance
,destruction,destruction
,moderne,modern
,Carlos,Carlos
,extrêmement,extremely
,âmes,souls
,expression,expression
,marchera,walk
,commerce,trade
,ivre,drunk
,salopard,dirty
,appétit,appetite
,dette,debt
,all,all
,promener,to walk
,employés,employees
,admettre,admit
,producteur,producer
,attendons,wait
,quittez,exit
,brise,broken
,wow,wow
,juin,June
,chats,cats
,remets,resetting
,ajouter,add
,couler,to flow
,Pasteur,Pastor
,alliez,go
,portrait,portrait
,heu,uh
,by,by
,lancé,spear
,diamants,diamonds
,donnée,given
,avantage,advantage
,fidèle,loyal
,juger,judge
,renseignements,information
,gang,gang
,loué,rented
,réseau,network
,ouverture,opening
,travaux,works
,poussé,pushed
,division,division
,invitation,invitation
,repartir,divide
,trous,holes
,rappelez,remember
,totale,total
,solide,solid
,réservé,Reserve
,Willie,Willie
,autorité,authority
,fermée,closed
,munitions,ammunition
,neveu,nephew
,diras,diras
,téléphoner,call
,briser,to break
,siècles,centuries
,nerveuse,nervous
,bonbons,candy
,blé,corn
,pourri,rotten
,puits,well
,fantômes,ghosts
,termine,ended
,monstres,monsters
,écraser,to crush
,espérons,hope
,bétail,livestock
,miens,mine
,changera,change
,adultes,adults
,restée,remained
,total,total
,fierté,pride
,pari,bet
,sein,breast
,cessez,stop
,Elizabeth,Elizabeth
,exige,required
,étudiant,student
,Jackie,Jackie
,démarre,started
,lâchez,cowardly
,Marty,Marty
,passons,Let's go
,vic,vic
,semblez,seem to be
,gérer,to manage
,électricité,electricity
,invitée,invited
,injuste,unfair
,désirez,desire
,lampe,lamp
,normalement,normally
,causer,cause
,dalle,slab
,mondiale,world
,comptez,count
,rouler,to roll
,filmer,filming
,rapporte,report
,sourd,deaf
,trouveras,find
,alliance,alliance
,convient,agrees
,rage,rage
,habitants,residents
,Mamie,Granny
,nuages,clouds
,hmm,hmm
,trahi,betrayed
,biens,goods
,Lewis,Lewis
,tournage,turning
,créatures,creatures
,militaires,military
,blessures,wound
,barbara,Barbara
,Louise,Louise
,règlement,regulation
,grant,gravity
,étudié,studied
,courez,run
,habiller,dress
,soeurs,sisters
,soins,care
,célibataire,single
,veuve,widow
,Canada,Canada
,dépêche,dispatch
,progrès,progress
,dégoûtant,disgusting
,fan,fan
,matière,matter
,avril,April
,molly,molly
,cercle,circle
,Davis,Davis
,nucléaire,nuclear
,pervers,perverse
,échelle,ladder
,adorer,love
,trouvais,found
,orchestre,orchestra
,déposer,to file
,cadavres,corpses
,échappe,escape
,emprunter,to borrow
,exprimer,Express
,caractère,character
,libéré,released
,signes,signs
,fêtes,holidays
,vedette,star
,lisez,read
,commençons,let's start
,robin,robin
,généreux,generous
,méchants,bad guys
,formation,training
,bâton,stick
,timide,timid
,gentils,kind
,premières,first
,passagers,passengers
,immense,immense
,serviette,napkin
,mangez,eaten
,diriger,to manage
,passant,passing
,Ruth,Ruth
,min,min
,préférée,preferred
,perdez,lose
,plaque,plaque
,espion,spy
,connue,known
,eaux,waters
,deviennent,become
,emporter,to take with
,Gary,Gary
,cruel,cruel
,citoyens,citizens
,von,von
,tension,voltage
,ranch,ranch
,Karen,Karen
,business,business
,your,yur
,organiser,to organise
,étonne,surprised
,terroristes,terrorist
,that,THAT
,micro,microphone
,ordure,junk
,léger,light
,température,temperature
,unités,units
,populaire,popular
,joueurs,players
,beth,beast
,vincent,vincent
,voies,pathways
,regardais,watched
,saloperie,slope
,traverse,cross
,intelligence,intelligence
,expériences,experiences
,Miami,Miami
,opérations,operations
,santa,santa
,arrange,arrange
,dragon,dragon
,sûrs,sure
,enterrer,bury
,pouviez,might
,craindre,to fear
,mortel,deadly
,issue,exit
,demeure,remains
,mouche,fly
,donna,given
,octobre,October
,commandé,order
,passeport,passport
,dés,from
,couronne,Crown
,oublierai,forget
,accusation,charge
,procédure,procedure
,rendez,set
,objection,objection
,retourné,return
,relax,Relax
,publique,public
,appart,appart
,imagines,imagines
,jouent,are playing
,inde,India
,travaillent,working
,essaies,try
,Lincoln,Lincoln
,psy,psychic
,Vince,Vince
,manuel,manual
,étranges,strange
,apres,after
,nombreuses,many
,crainte,fear
,fit,fit
,asile,asylum
,cherchait,sought
,branche,plugged
,groupes,groups
,white,WHITE
,hop,hop
,tradition,tradition
,sel,salt
,centrale,central
,déçu,disappointed
,tentative,attempt
,négatif,negative
,autorités,authorities
,buter,abut
,connerie,bullshit
,proposé,offers
,manières,manners
,plaindre,complain
,employé,employee
,blessée,injured
,influence,affecting
,forcer,force
,bonté,goodness
,Marcus,Marcus
,CIA,Cia
,sauvages,savory
,personnelle,personal
,couvre,cover
,coucou,Cuckoo
,audience,audience
,out,out
,savaient,knew
,entretien,maintenance
,bouffer,eat
,ouai,yeah
,impressionnant,impressive
,acier,steel
,renvoyer,dismiss
,salade,salad
,collègues,colleagues
,chefs,heads
,guérir,to cure
,entendue,heard
,sœurs,sisters
,êtait,was
,semblent,appear
,participer,to participate
,coule,pour
,dépasse,outrun
,réunis,gathered
,plairait,would please
,enlevez,remove
,trompes,troop
,résister,resist
,technologie,technology
,patrie,country
,conséquences,consequences
,Margaret,Margaret
,cousine,cousin
,habits,clothes
,splendide,gorgeous
,Ross,Ross
,pipe,smoking pipe
,abattu,beaten down
,cran,cran
,nue,naked
,tuyau,pipe
,accueillir,to welcome
,découverte,discovery
,arracher,to tear out
,régime,diet
,reçoit,receives
,album,album
,levez,raise
,piqué,dive
,original,original
,remise,delivery
,allume,alight
,promotion,promotion
,juan,Juan
,examiner,examine
,franc,franc
,filé,line
,éteint,off
,canapé,sofa
,commander,order
,dessin,design
,guère,hardly
,interroger,interrogate
,oscar,Oscar
,paraître,appear
,découvre,discover
,département,department
,vise,aims
,obéir,to obey
,renforts,reinforcement
,lily,lily
,événements,events
,innocents,innocent
,ç,vs
,organisé,organized
,sain,healthy
,devras,DEVRAS
,reprends,resume
,goutte,drop
,cole,cole
,souffert,suffered
,excitant,exciting
,façons,manners
,saurai,Saurai
,charlotte,charlotte
,sou,penny
,réveil,awakening
,ken,Ken
,benny,benny
,usa,USA
,volée,stolen
,préférerais,prefer
,suprême,supreme
,tarte,tart
,changent,change
,revienne,come back
,solitaire,solitary
,cravate,tie
,rocky,rocky
,vérifiez,check
,ose,dare
,souper,supper
,événement,event
,remarque,remark
,chevalier,knight
,suffisamment,enough
,charger,load
,produire,produce
,repris,taken back
,record,record
,carol,carol
,williams,Williams
,jo,OJ
,préparez,prepare
,garce,bitch
,mêle,mingle
,étape,stage
,motel,motel
,pro,pro
,autorisé,authorized
,principale,main
,clinique,clinical
,devenus,become
,italie,Italy
,intéressante,interesting
,jonathan,jonathan
,abattre,tear down
,ère,time
,invisible,invisible
,dégâts,damage
,clark,clark
,élever,raise
,suggère,suggest
,rigole,laugh
,dent,tooth
,éclater,to burst
,tabac,tobacco
,disques,discs
,manquait,lacked
,contacter,contact
,valait,worth
,fusils,rifles
,émotions,emotions
,queje,that I
,publicité,advertising
,simples,simple
,éléments,elements
,exception,exception
,sincère,sincere
,rattraper,catch up
,efficace,effective
,éteindre,switch off
,linge,laundry
,goûter,to taste
,nathan,nathan
,possibilité,possibility
,canard,duck
,marqué,Mark
,caporal,corporal
,déplacer,to move
,devrez,will need
,morale,moral
,insiste,insists
,katie,katie
,parking,car park
,identifier,identify
,pouvaient,could
,personnages,characters
,cabane,hut
,intéressé,interested
,stylo,pen
,adoré,adored
,attaché,attached
,cri,shout
,kg,kg
,angle,angle
,séparés,separated
,traîne,dragged
,instinct,instinct
,déclaré,declared
,sire,sire
,pleut,raw
,séjour,stay
,ordures,garbage
,Raymond,Raymond
,délire,delirium
,pires,worst
,rumeurs,rumors
,fauteuil,armchair
,coûté,cost
,adjoint,deputy
,Stephen,Stephen
,collègue,coworker
,one,one
,poches,pockets
,novembre,November
,illégal,illegal
,restons,stay
,bonhomme,fellow
,appuie,repute
,difficiles,harsh
,laissera,leave
,courte,short
,lâ,the
,tuent,kill
,lot,lot
,levé,survey
,seules,only
,vivez,live
,personnalité,personality
,leo,leo
,scandale,scandal
,conclu,concluded
,frigo,fridge
,admire,admire
,aïe,Ouch
,tragédie,tragedy
,oblige,obligatory
,commandes,orders
,pénis,penis
,boue,mud
,dettes,debt
,enseigne,teaches
,obscurité,darkness
,pages,pages
,chapitre,chapter
,violent,violent
,signature,signature
,conseille,advise
,vendeur,seller
,visages,faces
,rarement,rarely
,essayait,was trying
,serré,greenhouse
,mères,mothers
,tels,such
,halte,stop
,collection,collection
,désastre,disaster
,noix,nuts
,mourra,mourra
,rejoins,join
,reconnaissance,acknowledgement
,blagues,jokes
,duke,duke
,méthode,method
,bienvenu,welcome
,donnait,gave
,gratuit,free
,boîtes,boxes
,marches,pride
,Brooklyn,Brooklyn
,valises,suitcases
,enfermé,shut in
,gants,gloves
,rompu,broken
,coïncidence,coincidence
,vilain,ugly
,poing,fist
,britannique,British
,dispute,dispute
,trahison,treason
,téléphoné,telephone
,août,August
,feuilles,sheets
,quatrième,fourth
,révérend,reverend
,censée,supposed
,devaient,were to
,placé,square
,ténèbres,darkness
,enfui,fled
,impliqué,implied
,vire,fired
,pilules,pills
,préfères,preferred
,for,for
,population,population
,manges,eat
,pleuré,cry
,chasseur,hunter
,livraison,delivery
,reprend,resumes
,emporte,wanted
,louer,to rent
,mette,put
,bizarres,bizarre
,torture,torture
,remarquable,remarkable
,termes,terms
,journalistes,journalists
,honnêtement,honestly
,câble,cable
,longs,long
,estime,valued
,démons,demons
,impôts,tax
,massacre,massacre
,pomme,Apple
,autoroute,highway
,sociale,social
,moyenne,mean
,ingénieur,engineer
,doug,Doug
,péchés,sins
,laissent,leave
,tarder,delay
,divine,Divine
,éloigner,remove
,clan,clan
,obligée,obliged
,xena,xena
,merveille,wonder
,concentrer,focus
,venons,come
,opéra,opera
,oxygène,oxygen
,sexuel,sexual
,industrie,industry
,aimerai,would like
,z,z
,sortons,let's go out
,accent,accent
,lawrence,Lawrence
,gris,Grey
,sean,sean
,mesures,measures
,batterie,drums
,toast,toast
,postes,posts
,communication,communication
,manche,handle
,grandir,to grow
,banques,banks
,tonnes,tons
,gentleman,gentleman
,zut,Damn
,numéros,numbers
,officiel,official
,chariot,cart
,otages,hostages
,prime,premium
,poésie,poetry
,annuler,to cancel
,jersey,Jersey
,chagrin,grief
,ellen,ellen
,déconne,disconnect
,fabuleux,fabulous
,dennis,Dennis
,complexe,complex
,trafic,traffic
,trouille,funk
,us,US
,débrouiller,get off
,commencent,begin
,cinquante,fifty
,vraies,true
,discute,discuss
,communiste,Communist
,francs,francs
,sacrifice,sacrifice
,française,French
,foie,liver
,statue,statue
,résistance,resistance
,mettra,put
,volontiers,gladly
,drogues,drugs
,cercueil,coffin
,pendu,hanged
,ignorer,ignore
,tireur,shooter
,eut,east
,piquer,sting
,creuser,to dig
,médaille,medal
,crée,created
,équipement,equipment
,phase,phase
,chaos,chaos
,salue,greeted
,survie,survival
,défi,challenge
,trouvés,found
,rencontrée,met
,boum,boom
,longues,long
,telles,such
,arriverai,arrive
,gâché,spoils
,harris,harris
,brigade,brigade
,fiers,proud
,ennuyeux,boring
,cieux,heavens
,contient,contains
,aile,wing
,oignons,onions
,vaches,cows
,sensation,sensation
,chanceux,fortunate
,angela,Angela
,gamine,gamin
,cooper,cooperate
,cessé,ceased
,tina,tina
,ressemblait,looked like
,plante,plant
,scènes,scenes
,solitude,solitude
,activité,activity
,mobile,mobile
,principe,principle
,rejoint,joined
,économie,economy
,armés,armed
,plastique,plastic
,regardent,look
,chant,singing
,verte,green
,couru,rank
,regardait,watched
,ford,ford
,besoins,needs
,terroriste,terrorist
,assister,to assist
,bail,lease
,roue,wheel
,putes,whores
,sachez,know
,harold,Harold
,amenez,bring
,génération,generation
,causé,caused
,entraîneur,coach
,rigoles,rag
,amanda,amanda
,présenté,present
,trompez,deceive
,mordu,bitten
,vampire,vampire
,jacques,jacques
,fans,fans
,bourré,stuffed
,éliminer,eliminate
,enfoirés,bastard
,freddy,freddy
,bloc,block
,pourvu,providing
,décisions,decisions
,eve,Eve
,jacob,jacob
,symbole,symbol
,croirait,herself
,sagesse,wisdom
,politiques,policies
,taux,rate
,nègre,Negro
,jetez,throw
,malédiction,curse
,masse,mass
,phrase,phrasing
,pompes,pumps
,reconnaissant,grateful
,pension,pension
,renoncer,to renouncer
,sexuelle,sexual
,regardant,looked
,ordonne,ordered
,four,oven
,règne,reign
,saut,jump
,terreur,terror
,avaler,swallow
,ongles,nail
,pratiquement,virtually
,laissons,let
,jalouse,jealous
,outils,tools
,espérer,hope
,tueurs,killers
,terriblement,terribly
,charité,charity
,prêtes,ready
,écriture,writing
,oublies,forgotten
,adorent,worship
,etje,and I
,luxe,luxury
,irez,IREZ
,ambassadeur,ambassador
,bush,bush
,arrêtera,stop
,informer,inform
,orage,thunderstorm
,revenus,income
,pisse,piss
,renvoyé,returned
,sachant,knowing
,tombes,fallen down
,rois,kings
,époux,husband
,accueil,Home
,relève,relieving
,judy,judy
,aidez,help
,môme,mome
,diego,Diego
,atmosphère,atmosphere
,routes,roads
,ravissante,ravishing
,coach,coach
,ennui,boredom
,suffisant,sufficient
,poème,poem
,jouets,toys
,jennifer,jennifer
,usage,use
,prières,prayers
,revue,review
,adaptation,adaptation
,suffira,suffice
,collège,middle School
,singes,monkeys
,otage,hostage
,apprécier,appreciate
,diplôme,diploma
,bâtard,bastard
,destination,destination
,analyse,to analyse
,caroline,caroline
,demandent,ask
,décembre,December
,côtes,ribs
,casier,locker
,fermes,farms
,patrouille,patrol
,royal,royal
,tit,tit
,mérites,merits
,texte,text
,jusque,until
,tigre,tiger
,çà,that
,be,be
,médical,medical
,ieur,IEUR
,svp,please
,ron,ron
,pouce,thumb
,plaisantez,pleasing
,requin,shark
,essentiel,essential
,espèces,species
,fruit,fruit
,came,cam
,cesser,to cease
,allen,allen
,teddy,teddy
,annulé,canceled
,dangereuse,dangerous
,poète,poet
,nanas,nanas
,tiendra,will hold
,emmenez,take
,passerai,pass
,automne,fall
,habillé,dressed
,guerrier,warrior
,pique,pique
,savon,soap
,satisfait,satisfied
,sépare,separate
,agi,ache
,ordonné,ordered
,serre,tight
,neil,Neil
,cassée,broken
,deviez,be sure
,arts,arts
,ramasser,to pick up
,anthony,anthony
,baisser,to lower
,pirates,pirate
,avertir,to warn
,menacé,threatens
,so,soy
,détendre,loosen
,rembourser,refund
,fabrique,made
,métal,metal
,expliqué,Explain
,lecture,reading
,josh,Josh
,attire,attracted
,carrément,downright
,irons,irons
,mere,mother
,combats,fighting
,pensons,think
,mélange,mixed
,travaillais,worked
,syndicat,union
,queique,quibble
,indice,index
,marines,marine
,enverrai,send
,hill,hill
,processus,process
,joint,joint
,ouvriers,workers
,marques,marks
,dépassé,outmoded
,pa,pa
,ailles,ailles
,bats,battle
,pourront,can
,clown,clown
,poubelle,garbage can
,marins,sailors
,boisson,drink
,vaincre,overcome
,combinaison,combination
,demandait,asked
,testament,will
,sonné,sounded
,flammes,flames
,dégueulasse,disgusting
,administration,administration
,commissariat,commissioner
,envoyée,sent
,green,green
,dépose,deposit
,lâché,cowardly
,réveillée,awake
,épaules,shoulders
,jay,jay
,artistes,artists
,culotte,cheeky
,vides,empty
,er,er
,énormément,Verry much
,team,team
,quittes,quotes
,accuse,accused
,magicien,magician
,importants,important
,direz,say
,fouiller,to frisk
,paierai,pay
,écoles,schools
,cm,cm
,reverra,reverra
,articles,articles
,trône,throne
,laboratoire,laboratory
,Andrew,ANDREW
,panier,basket
,endormi,sleeping
,lave,wash
,buddy,buddy
,cuir,leather
,huh,huh
,foutus,fucked
,resterai,will remain
,cendres,ashes
,stone,stone
,environnement,environment
,rumeur,rumor
,interrompre,interrupt
,vaudrait,would be worth
,matinée,morning
,risquer,risk
,tranquilles,tranquil
,earl,EARL
,transformer,transform
,planté,plant
,costumes,costumes
,mickey,Mickey
,machin,machine
,transport,transport
,señor,señor
,indique,indicated
,citoyen,citizen
,aurions,aerion
,times,times
,viol,rape
,particulièrement,particularly
,pourrons,can
,shirt,shirt
,connards,asshole
,casino,casino
,douter,doubt
,pendre,hang
,essaierai,will try
,accomplir,accomplish
,pipi,Pee
,allumer,light up
,reviennent,come back
,certes,certainly
,dessert,dessert
,curiosité,curiousity
,fraîche,fresh
,lié,linked
,maurice,mauritius
,little,little
,disaient,said
,vodka,vodka
,pétrin,kneader
,témoignage,testimony
,déclare,declared
,scientifiques,scientific
,coco,coconut
,baissez,turn down
,Anderson,Anderson
,censés,supposed
,Kansas,Kansas
,boules,balls
,sauras,sauce
,éclair,flash
,vain,vain
,nuage,cloud
,création,creation
,anneau,ring
,fumier,manure
,rio,rio
,dose,dose
,profonde,deep
,étude,study
,atelier,workshop
,cuisiner,to cook
,vaux,vaux
,malheureuse,unhappy
,catholique,Catholic
,zoo,zoo
,précisément,precisely
,talents,talents
,activités,activities
,importantes,important
,bouteilles,bottles
,vomir,To vomit
,tonnerre,thunder
,ned,ned
,assuré,assured
,plantes,plants
,hong,hong
,destinée,destiny
,plaisanterie,joke
,circuit,circuit
,piges,pigs
,Moore,Moore
,observer,observe
,mines,mines
,peindre,to paint
,porno,porn
,comtesse,countess
,casque,helmet
,rate,missed
,coûter,cost
,chacune,each
,Jamie,Jamie
,parent,parent
,dépression,depression
,télégramme,telegram
,élu,elected
,stupides,stupid
,pensiez,think
,partant,starting
,cash,cash
,profite,take advantage of
,caution,bail
,serrer,to squeeze
,maudite,cursed
,intéresser,to interest
,écart,difference
,inquiètes,worry
,oú,Where
,évidence,evidence
,leçons,lessons
,connus,known
,etc,etc
,retiré,took of
,Greg,Greg
,rendent,make
,volontaire,voluntary
,nid,nest
,Oliver,Oliver
,he,Hey
,prêter,to lend
,nichons,tits
,capitale,capital city
,témoigner,bear witness
,équipes,teams
,égoïste,self-centered
,partent,leave
,troupe,troop
,sincèrement,truly
,regretter,to regret
,responsabilités,responsibilities
,associés,associates
,cigare,cigar
,dean,dean
,partirai,pause
,adversaire,opponent
,générale,general
,misère,misery
,vampires,vampires
,grève,strike
,Nina,Nina
,suisse,Swiss
,gâteaux,cakes
,diamant,diamond
,catastrophe,disaster
,meubles,furniture
,gus,gus
,voyages,traveling
,subir,undergo
,balade,stroll
,allah,Allah
,mêler,mingle
,signez,sign
,enveloppe,envelope
,ressenti,feeling
,führer,führer
,gras,fat
,arrêtée,arrested
,explose,explodes
,range,tidy
,interview,interview
,tombent,fall
,confier,entrust
,voile,veil
,fiches,sheet
,embête,rear
,caravane,caravan
,affection,affection
,Manhattan,Manhattan
,éléphant,elephant
,blue,Blue
,vagues,wave
,pleins,full
,fascinant,fascinating
,doutais,doubt
,effrayant,frightening
,commercial,commercial
,rapporter,report
,fonction,function
,fixe,fixed
,arrete,stopped
,pères,fathers
,circulation,circulation
,tennis,tennis
,Marc,Marc
,navrée,sorry
,civilisation,civilization
,fameux,famous
,retenu,retaining
,moutons,sheep
,draps,sheets
,servent,serve
,jouais,played
,éternelle,eternal
,couches,layers
,satellite,satellite
,ramasse,picked up
,endormir,upset
,fillette,girl
,rendra,make
,sujets,topics
,remède,remedy
,portez,wear
,enseigner,teach
,observe,observed
,ouverts,open
,vues,views
,sortait,went out
,passais,passeser
,ris,laugh
,transfert,transfer
,bidon,can
,météo,weather report
,explosé,exploded
,loyauté,loyalty
,dignité,dignity
,planche,plank
,améliorer,to improve
,hélicoptère,helicopter
,civil,civil
,liens,connections
,vif,lively
,maintenir,to keep
,Craig,Craig
,Vietnam,Vietnam
,Claude,Claude
,pacifique,peaceful
,fringues,clothes
,demie,half-term
,onze,eleven
,we,we
,mangent,eat
,connaissiez,knew
,rares,rare
,naturelle,natural
,sue,sue
,ricky,ricky
,assaut,assault
,fâchée,angry
,portent,carry
,kay,kay
,karl,karl
,pareils,same
,légal,legal
,tracy,tracy
,eus,eus
,pr,pr
,civils,civilian
,inconnue,unknown
,eva,EVA
,disparition,disappearance
,nicky,nicky
,steven,Steven
,pompe,pump
,méchante,evil
,lancement,launch
,quartiers,neighborhoods
,douceur,candy
,tendu,tense
,feuille,sheet
,stuart,stuart
,leader,leader
,pilotes,pilots
,ètait,was
,mâle,male
,tenais,held
,royale,royal
,cordes,strings
,arrivez,arrive
,bandes,bands
,promenade,walk
,magnifiques,magnificent
,emma,Emma
,wallace,Wallace
,veronica,veronica
,tv,TV
,adn,DNA
,monseigneur,My lord
,meure,dies
,airs,tune
,emmenée,brought
,actuellement,currently
,peste,plague
,Antonio,Antonio
,tragique,tragic
,médias,media
,antenne,antenna
,avertissement,Warning
,brille,shines
,Pedro,Pedro
,conflit,conflict
,pompiers,firefighters
,engin,gear
,douée,talented
,oublions,forget
,plains,plains
,systèmes,systems
,foire,fair
,Sonny,SONNY
,patiente,patient
,coincée,stuck
,canons,cannons
,partira,leave
,soutenir,to support
,beach,beach
,poussez,push
,saigne,bleeding
,toc,knock
,construction,construction
,boucher,Butcher
,missiles,missile
,compétition,competition
,buvons,let's drink
,motif,pattern
,ambassade,embassy
,warren,Warren
,régiment,regiment
,remarquer,note
,enregistré,checked in
,collins,collar
,enregistrement,registration
,doutes,doubts
,sien,his
,profit,profit
,sammy,Sammy
,audition,hearing
,lame,blade
,opportunité,opportunity
,scotch,Scotch
,imaginé,conceived
,coke,coke
,existent,exist
,budget,budget
,pearl,pearl
,basse,low
,selle,saddle
,déja,already
,historique,historical
,officiellement,officially
,effacer,wipe off
,loge,lodge
,francis,francis
,décrire,to describe
,osé,daring
,éternel,eternal
,serpents,snakes
,demanderai,call
,médicament,medication
,deviné,guess
,armées,armies
,promesses,promise
,chaînes,chains
,sentait,felt
,association,association
,viennes,come
,quai,dock
,poker,poker
,saleté,dirt
,sandy,sandy
,ã,To
,irak,Iraq
,commences,comments
,crevé,dreaded
,cuba,Cuba
,wendy,wendy
,profil,profile
,travis,travis
,tache,task
,viendront,will come
,étudie,studied
,apportez,bring
,tribu,tribe
,crié,calls out
,entraîne,entail
,héroïne,heroin
,changements,change
,joan,Joan
,correctement,correctly
,essaient,try
,mouvements,move
,atterrir,to land
,formes,shapes
,coca,Coca
,fragile,brittle
,poignée,handle
,cadre,framework
,genou,knee
,conçu,designed
,revu,saw again
,légitime,legitimate
,sauvée,saved
,déménager,to relocate
,conne,bound
,dentiste,Dentiste
,aiier,yank
,ondes,wave
,ralph,Ralph
,mené,led
,discipline,disciplined
,évacuer,clear out
,parié,pariate
,bières,beers
,arabe,Arab
,Russell,Russell
,identifié,identified
,recevez,receive
,cachée,hidden
,évite,avoid
,dormais,dreamed
,utilisez,Use
,décès,death
,guy,guy
,get,get
,demoiselle,bridesmaid
,fui,fled
,ressemblent,look alike
,misérable,wretched
,fatigue,tired
,ancêtres,ancestors
,camions,trucks
,dormez,sleep
,pan,pan
,duré,hard
,disponible,available
,vôtres,Yours
,cuit,cooked
,marchait,walked
,nage,swim
,come,comed
,suspects,suspect
,menottes,handcuffs
,nique,nick
,panneau,panel
,rit,laughter
,pognon,pognon
,illusion,illusion
,menu,menu
,Ronnie,Ronnie
,établir,establish
,mettons,put
,retrouvée,found
,sabre,saber
,André,André
,épuisé,exhausted
,restés,remains
,continues,continuous
,chanteur,singer
,kid,kid
,lola,Lola
,prés,close
,tendance,tendency
,souvient,remembrance
,enfermer,lock up
,thérapie,therapy
,vaisselle,dishes
,tournez,turn
,accorde,allowed
,chemins,paths
,troupeau,herd
,saluer,greet
,uh,uh
,Kennedy,Kennedy
,nettoie,clearay
,assiette,plate
,discuté,discussed
,touches,touches
,impact,impact
,dessins,drawings
,rompre,to break up
,suivent,follow
,sienne,his
,verrons,will see
,angoisse,anguish
,états,states
,vivons,live
,Mitchell,Mitchell
,écrasé,crushed
,tiennent,hold
,pape,Pope
,connaissons,know
,Murphy,Murphy
,Ivan,Ivan
,supposé,Assumed
,colonne,column
,assistante,assistant
,mettrai,putting
,maquillage,makeup
,ticket,ticket
,réussite,success
,quête,quest
,boxe,boxing
,proposer,to propose
,boutons,buttons
,arriverait,arrive
,assassins,murderer
,répétition,repetition
,agissait,act
,culpabilité,guilt
,pirate,pirate
,blanches,white
,brésil,Brazil
,penny,penny
,maîtres,masters
,psychiatre,psychiatrist
,miracles,miracles
,hello,Hello
,honorable,honorable
,collines,Hills
,vachement,really
,taureau,Taurus
,considère,considered
,âne,donkey
,whoa,Whoa
,comprennent,understand
,Christian,Christian
,Justin,Justin
,méthodes,methods
,canal,channel
,navette,shuttle bus
,Tyler,Tyler
,légère,mild
,sortant,outgoing
,chaussettes,socks
,revanche,revenge
,remet,remit
,mentez,lie
,bud,bud
,Abby,Abby
,poils,fur
,placer,to place
,absent,absent
,arrivais,arrived
,escaliers,stairs
,funérailles,funeral
,routine,routine
,noté,note
,prenais,tried
,conducteur,driver
,subi,undergone
,photographe,photographer
,noires,black
,marchandise,merchandise
,prendrais,would take
,émotion,emotion
,défaut,fault
,satan,Satan
,occuperai,hold
,dog,dog
,mystérieux,mysterious
,carmen,carmen
,possession,possession
,responsables,responsible
,raccroche,hung
,intentions,intentions
,minimum,minimum
,négocier,to negotiate
,janvier,January
,baraque,barrack
,batte,bat
,irlandais,Irish
,filet,net
,confortable,comfortable
,fermés,closed
,ressources,resources
,rayons,ray
,innocente,innocent
,Harvard,Hoover
,expédition,shipment
,may,may
,profession,profession
,plaira,pleara
,bêtise,stupidity
,restant,remaining
,jugé,judge
,Mitch,Mitch
,organise,organized
,rappelé,recalled
,puissante,powerful
,pertes,losses
,saurait,know
,planque,plastic
,ressentir,to feel
,grotte,cave
,gentiment,gently
,péter,to fart
,chienne,female dog
,tristesse,sadness
,héritage,heritage
,occupera,will occupy
,Benjamin,Benjamin
,Antoine,Antoine
,bloqué,blocked
,punition,punishment
,constamment,constantly
,contents,contents
,visites,visits
,infiniment,infinitely
,effectivement,effectively
,chiffre,figure
,conscient,aware
,manager,manager
,représentant,representing
,anglaise,English
,cauchemars,nightmares
,Jan,Jan
,continué,keep on going
,réduit,reduced
,gré,willful
,filmé,filmed
,stars,stars
,Owen,Owen
,embrassé,kissed
,peint,painted
,reparti,reparteant
,soie,silk
,Lloyd,Lloyd
,voisine,neighbor
,douzaine,dozen
,frankenstein,Frankenstein
,attaques,attacks
,gênant,embarrassing
,superman,superman
,arrivant,arriving
,brillante,brilliant
,atterrissage,landing
,attendra,will wait
,allure,pace
,pénible,annoying
,faibles,low
,clef,key
,Bruno,Bruno
,Christine,Christine
,Rebecca,Rebecca
,bang,bang
,pété,tough
,gardiens,guardians
,formule,formula
,soda,soda
,frites,fries
,fées,fair
,angel,Angel
,mm,mm
,aperçu,preview
,imaginais,imagine
,aussitôt,right away
,énormes,huge
,wade,wade
,choisit,chose
,montée,climb
,baignoire,bathtub
,principes,principles
,homo,homo
,marchand,trader
,cochons,pigs
,spécialiste,specialist
,repéré,spotted
,récupéré,recovered
,extra,extra
,éclate,bursts
,survivants,survivors
,auquel,wherever
,apparence,appearance
,sucer,suck
,habiter,to live in
,excité,excited
,Houston,Houston
,jules,jules
,foudre,lightning
,chasseurs,hunters
,walker,walker
,with,with
,nièce,niece
,urgences,emergency room
,mérité,deserved
,dépensé,spent
,boys,boys
,saisir,grab
,équilibre,balance
,allumé,alight
,lâches,cowardly
,bruits,noise
,protégé,protected
,résolu,resolved
,probable,likely
,poursuite,prosecution
,baker,baker
,résidence,residence
,cognac,cognac
,Clyde,Clyde
,muscles,muscle
,passées,past
,intime,respondent
,république,Republic
,serviteur,servant
,noyer,Walnut
,mortes,dead
,trompée,deceived
,morgue,morgue
,cherchons,searches
,coma,coma
,capables,capable
,berger,shepherd
,apprendra,learn
,amateur,amateur
,dises,saying
,vertu,virtue
,permets,permeats
,mafia,mafia
,engagement,commitment
,lesquelles,which
,cachette,hiding place